<?xml version="1.0" encoding="utf-8"?>
<Defs>



  <!--Food-->	
   <HediffDef>
    	<defName>GS_fairy_eaten_Hediff</defName>
    	<label>Guilty taste</label>
		<description>Ate a fairy</description>
    	<initialSeverity>1</initialSeverity>
  	<defaultLabelColor>(0.062, 0.76, 0.05)</defaultLabelColor>      	<hediffClass>HediffWithComps</hediffClass>
    <isBad>false</isBad>
    <comps>
      <li Class="HediffCompProperties_SeverityPerDay">
        <severityPerDay>-0.1</severityPerDay>
      </li>
	  <li Class="HediffCompProperties_HealPermanentWounds" />
	  
    </comps>
    <stages>
        <li>
          <minSeverity>0</minSeverity>
          <label>Ate Fairy</label>
          <painFactor>0.8</painFactor>
                   <capMods>
          <li>
            <capacity>Consciousness</capacity>
            <offset>0.10</offset>
          </li>
          <li>
            <capacity>Moving</capacity>
            <offset>0.05</offset>
          </li>
          <li>
            <capacity>Sight</capacity>
            <offset>0.15</offset>
          </li>
          <li>
            <capacity>BloodFiltration</capacity>
            <offset>0.70</offset>
          </li>
          <li>
            <capacity>BloodPumping</capacity>
            <offset>0.15</offset>
          </li>
           <li>
            <capacity>Metabolism</capacity>
            <offset>0.20</offset>
          </li>
          <li>
            <capacity>Breathing</capacity>
            <offset>0.10</offset>
          </li>
        </capMods>
      </li>
    </stages>
  </HediffDef>
  
  
  </Defs>